<?xml version="1.0"?>
<!--<!DOCTYPE metadata SYSTEM "http://www.esri.com/metadata/esriprof80.dtd">-->
<metadata xml:lang="zh"><Esri><CreaDate>20180708</CreaDate><CreaTime>10583300</CreaTime><SyncOnce>TRUE</SyncOnce><DataProperties><lineage><Process Name="Project_23" ToolSource="C:\Program Files\ArcGIS\ArcToolbox\Toolboxes\Data Management Tools.tbx\Project" Date="20051218" Time="170735">Project bou1_4l D:\GISDATA\China400W_SuperMap\Lambert\国界线.shp PROJCS['China_Lambert_Conformal_Conic',GEOGCS['GCS_Beijing_1954',DATUM['D_Beijing_1954',SPHEROID['Krasovsky_1940',6378245.0,298.3]],PRIMEM['Greenwich',0.0],UNIT['Degree',0.0174532925199433]],PROJECTION['Lambert_Conformal_Conic'],PARAMETER['False_Easting',0.0],PARAMETER['False_Northing',0.0],PARAMETER['Central_Meridian',105.0],PARAMETER['Standard_Parallel_1',30.0],PARAMETER['Standard_Parallel_2',62.0],PARAMETER['Latitude_Of_Origin',0.0],UNIT['Meter',1.0]] #</Process></lineage></DataProperties><ArcGISFormat>1.0</ArcGISFormat></Esri></metadata>
